{
  "tailwind.config.js": 1750203887.7784486,
  "postcss.config.js": 1750204685.080507,
  "src/reportWebVitals.js": 1750121993.2279754,
  "src/index.js": 1750474632.5664594,
  "src/App.test.js": 1750121993.2262783,
  "src/setupTests.js": 1750121993.2283928,
  "src/App.js": 1758256151.9201488,
  "src/admin/components/AdminLayout.js": 1758256063.5371137,
  "src/admin/components/createFolder.js": 1750832719.5633051,
  "src/admin/components/VariantRow.js": 1752117625.3534505,
  "src/admin/components/Navbar.js": 1758256113.829054,
  "src/admin/components/CustomerForm.js": 1755672710.893037,
  "src/admin/components/MockupRow.js": 1758300276.2491586,
  "src/admin/components/ChevronIcon.js": 1750381477.0163367,
  "src/admin/components/ProductRow.js": 1753510876.449026,
  "src/admin/components/DiscountForm.js": 1774742600.140022,
  "src/admin/components/RequireAdminAuth.jsx": 1772046263.5577195,
  "src/admin/components/CustomerTable.js": 1775955453.6748807,
  "src/admin/components/MockupTable.js": 1759858252.652256,
  "src/admin/components/ProductTable.js": 1758502434.6141598,
  "src/admin/components/DiscountTable.js": 1774812582.6326034,
  "src/admin/components/BillTable.js": 1775957019.9964454,
  "src/admin/components/ProductEditDialog.js": 1755667082.7943583,
  "src/admin/components/UserRegistration.jsx": 1752280758.4051604,
  "src/admin/components/archive/BillForm.js": 1758402169.8689013,
  "src/admin/components/billing/Notes.js": 1758405300.6152205,
  "src/admin/components/billing/ManualItemForm.js": 1775366770.9776773,
  "src/admin/components/billing/InventoryPicker.js": 1775712060.430798,
  "src/admin/components/billing/BillingForm.js": 1775950850.4376693,
  "src/admin/components/billing/stockHelpers.js": 1775712065.2775133,
  "src/admin/components/billing/ItemTable.js": 1771962201.629117,
  "src/admin/components/billing/ReturnReceiptView.js": 1775954542.5252304,
  "src/admin/components/billing/AddItemDialog.js": 1775890356.3269603,
  "src/admin/components/billing/InvoiceView.js": 1775954784.7611017,
  "src/admin/components/billing/billUtils.js": 1771991903.536969,
  "src/admin/components/billing/CustomerSelector.js": 1775887467.3968887,
  "src/admin/components/billing/SalespersonSelector.js": 1775887901.0615141,
  "src/admin/components/billing/ItemRow.js": 1771962190.6333103,
  "src/admin/components/billing/DiscountSelector.js": 1771958450.7387397,
  "src/admin/components/billing/Summary.js": 1775951066.6839893,
  "src/admin/components/billing/generateInvoicePdf.js": 1775951036.4101348,
  "src/admin/components/billing/__tests__/stockDelta.test.js": 1775279158.4226573,
  "src/admin/components/billing/__tests__/billUtils.test.js": 1775279173.4827106,
  "src/admin/pages/SuppliersPage.js": 1750381899.8353863,
  "src/admin/pages/InventoryPage.js": 1758250913.4152362,
  "src/admin/pages/MockupGraphsPage.js": 1767812063.6475043,
  "src/admin/pages/SignupPage.jsx": 1752120922.444906,
  "src/admin/pages/VoucherPage.js": 1754175935.5100946,
  "src/admin/pages/BillingPage.js": 1775279373.7945669,
  "src/admin/pages/DiscountPage.js": 1772080380.7364006,
  "src/admin/pages/ExchangePage.js": 1754175924.8489861,
  "src/admin/pages/CustomersPage.js": 1772047359.8200426,
  "src/admin/pages/LoginPage.jsx": 1752280758.4133108,
  "src/admin/pages/TotalValuePage.js": 1766321618.3200948,
  "src/admin/pages/MockupPage.js": 1766319951.7534764,
  "src/admin/pages/UserManagement.jsx": 1751651720.470244,
  "src/components/printLabel.jsx": 1752204755.5491817,
  "src/components/CustomDropdown.js": 1750701780.1974657,
  "src/components/ActionButtons.jsx": 1751956072.7078528,
  "src/components/ui/tabs.tsx": 1758351861.6818104,
  "src/components/ui/card.tsx": 1758351875.346062,
  "src/components/ui/toaster.tsx": 1750381222.8993642,
  "src/components/ui/scroll-area.tsx": 1758351868.7552125,
  "src/components/ui/label.tsx": 1750205232.2365408,
  "src/components/ui/tooltip.tsx": 1751674847.5116951,
  "src/components/ui/dialog.tsx": 1750205226.8350093,
  "src/components/ui/badge.tsx": 1751674838.8677833,
  "src/components/ui/table.tsx": 1750877481.6903107,
  "src/components/ui/button.tsx": 1750204525.9842625,
  "src/components/ui/toast.tsx": 1750208407.2604039,
  "src/components/ui/checkbox.tsx": 1754178994.4896336,
  "src/components/ui/select.tsx": 1775360501.1316133,
  "src/components/ui/textarea.tsx": 1750205233.6849518,
  "src/components/ui/input.tsx": 1754031414.9754539,
  "src/components/ui/form.tsx": 1750381150.898793,
  "src/components/hooks/use-toast.ts": 1750208350.7440233,
  "src/lib/utils.ts": 1750204341.145842,
  "src/lib/supabaseClient.js": 1751649848.996313,
  "src/pages/UnauthorizedPage.jsx": 1750904056.1157458,
  "src/utility/dateFormat.js": 1752120935.1499517,
  "src/utility/formatPhone.js": 1751683464.3460603,
  "README.md": 1750122329.792416,
  "CLAUDE.md": 1771746868.5013123,
  "public/robots.txt": 1750373809.840321,
  "public/LOGO-BindalsCreation.png": 1750362867.5953047,
  "public/LOGO-Bill.png": 1775954474.3701434,
  "src/logo.svg": 1750121993.2275164,
  "src/assets/LOGO-BindalsCreation.png": 1750362799.2324433,
  "src/assets/LOGO-Bill.png": 1775956986.5577524,
  "src/assets/sample_bill.jpg": 1775488868.0
}